<metadata>
  <title>CORE: Links</title>
  <description>
<![CDATA[
{
	"GET": {
		"description": "Returns JSON for the IDs and titles of all objects linked to the given object ID",
		"resource-url": "/v1/resource/links",
		"parameters": [{
			"name": "objectId",
			"description": "return all linked objects to this object ID",
			"required": "true"
		}],
		"example-request": "/v1/resources/links?rs:id=[objectId]",
		"example-result": "ew0KICAiZTM3Mzg3NWYtY2ZjMS00YzhkLTg3MzctNTY4YmYxZDUyZDM2IjogIktlbnQgQnJhbnRseSINCn0="
	},
	"POST" : {
		"description": "Creates a new link and then returns the ID of the new link object",
		"resource-url": "/v1/resource/links",
		"parameters": [{
			"name": "sourceId",
			"description": "the id of the source attributing the new link",
			"required": "true"
		}, 
		{
			"name": "fromObjectId", 
			"description": "the ID of the object to create the link FROM",
			"required": "true"
		},
		{
			"name": "toObjectId", 
			"description": "the ID of the object to create the link TO",
			"required": "true"
		}, 
		{
			"name": "type", 
			"description": "a textual description of the link; can be any value, i.e. relatedTo",
			"required": "true"
		}, 
		{
			"name": "reverseType", 
			"description": "the textual description of the link from the perspective of the TO object; if not provided, defaults to 'type'"
		}],
		"example-request": "/v1/resources/links?rs:sourceId=[source-id]&amp;rs:fromObjectId=[object-id]&amp;rs:toObjectId=[object-id]&amp;rs:type=[link type]&amp;rs:reverseType=[link type]",
		"example-result": "ew0KICAibGlua0lkIjoiN2VlYmZhZTEtZjRhNS00Yzc3LTgyZGEtYWYyMmE2ZjEzZmJhIg0KfQ=="
	}
}
]]>
  </description>
  <method name="GET">
    <param name="objectId" />
  </method>
  <method name="POST">
    <param name="sourceId" />
    <param name="fromObjectId" />
    <param name="toObjectId" />
    <param name="type" />
    <param name="reverseType" />
  </method>
</metadata>