<metadata>
  <title>Merge</title>
  <description>
    <div>
      The Merge service handles merging two objects together, including all of their version history and links.
      <ul>
        <li>
          POST - merge the object referenced by the secondaryId into the object referenced by the primaryId
          <ul>
            <li>primaryId - the ID of the object to merge into</li>
            <li>secondaryId - the ID of the object to merge</li>
            <li>(optional) the body of the HTTP can be a JSON object that define the single value properties that should
              be "win" when conflicting single value properties are merged together. This JSON matches the structure of
              the
              JSON used for creating and modifying objects.
            </li>
          </ul>
        </li>
      </ul>
    </div>
  </description>
  <method name="POST">
    <param name="primaryId" />
    <param name="secondaryId" />
  </method>
</metadata>