<excluded>
  <x>Annex</x>
  <x>Archive</x>
  <x>Areas</x>
  <x>Codes</x>
  <x>Dams</x>
  <x>Dates</x>
  <x>Does</x>
  <x>Doing</x>
  <x>Goods</x>
  <x>High Court of Cassation and Justice</x>
  <x>laws</x>
  <x>Loans</x>
  <x>Ministry of Culture</x>
  <x>Ministry of Finance</x>
  <x>Ministry of Justice</x>
  <x>October 6</x>
  <x>Overview</x>
  <x>The Bank</x>
  <x>The Minister</x>
  <x>The World Bank</x>
  <x>Waterways</x>
  <x>World Bank</x>
  
<!-- common male first names -->
<x>James</x>
<x>John</x>
<x>Robert</x>
<x>Michael</x>
<x>William</x>
<x>David</x>
<x>Richard</x>
<x>Charles</x>
<x>Joseph</x>
<x>Thomas</x>
<x>Christopher</x>
<x>Daniel</x>
<x>Paul</x>
<x>Mark</x>
<x>Donald</x>
<x>George</x>
<x>Kenneth</x>
<x>Steven</x>
<x>Edward</x>
<x>Brian</x>
<x>Ronald</x>
<x>Anthony</x>
<x>Kevin</x>
<x>Jason</x>
<x>Matthew</x>
<x>Gary</x>
<x>Timothy</x>
<x>Jose</x>
<x>Larry</x>
<x>Jeffrey</x>
<x>Frank</x>
<x>Scott</x>
<x>Eric</x>
<x>Stephen</x>
<x>Andrew</x>
<x>Raymond</x>
<x>Gregory</x>
<x>Joshua</x>
<x>Jerry</x>
<x>Dennis</x>
<x>Walter</x>
<x>Patrick</x>
<x>Peter</x>
<x>Harold</x>
<x>Douglas</x>
<x>Henry</x>
<x>Carl</x>
<x>Arthur</x>
<x>Ryan</x>
<x>Roger</x>
<x>Joe</x>
<x>Juan</x>
<x>Jack</x>
<x>Albert</x>
<x>Jonathan</x>
<x>Justin</x>
<x>Terry</x>
<x>Gerald</x>
<x>Keith</x>
<x>Samuel</x>
<x>Willie</x>
<x>Ralph</x>
<x>Lawrence</x>
<x>Nicholas</x>
<x>Roy</x>
<x>Benjamin</x>
<x>Bruce</x>
<x>Brandon</x>
<x>Adam</x>
<x>Harry</x>
<x>Fred</x>
<x>Wayne</x>
<x>Billy</x>
<x>Steve</x>
<x>Louis</x>
<x>Jeremy</x>
<x>Aaron</x>
<x>Randy</x>
<x>Howard</x>
<x>Eugene</x>
<x>Carlos</x>
<x>Russell</x>
<x>Bobby</x>
<x>Victor</x>
<x>Martin</x>
<x>Ernest</x>
<x>Phillip</x>
<x>Todd</x>
<x>Jesse</x>
<x>Craig</x>
<x>Alan</x>
<x>Shawn</x>
<x>Clarence</x>
<x>Sean</x>
<x>Philip</x>
<x>Chris</x>
<x>Johnny</x>
<x>Earl</x>
<x>Jimmy</x>
<x>Antonio</x>
<x>Danny</x>
<x>Bryan</x>
<x>Tony</x>
<x>Luis</x>
<x>Mike</x>
<x>Stanley</x>
<x>Leonard</x>
<x>Nathan</x>
<x>Dale</x>
<x>Manuel</x>
<x>Rodney</x>
<x>Curtis</x>
<x>Norman</x>
<x>Allen</x>
<x>Marvin</x>
<x>Vincent</x>
<x>Glenn</x>
<x>Jeffery</x>
<x>Travis</x>
<x>Jeff</x>
<x>Chad</x>
<x>Jacob</x>
<x>Lee</x>
<x>Melvin</x>
<x>Alfred</x>
<x>Kyle</x>
<x>Francis</x>
<x>Bradley</x>
<x>Jesus</x>
<x>Herbert</x>
<x>Frederick</x>
<x>Ray</x>
<x>Joel</x>
<x>Edwin</x>
<x>Don</x>
<x>Eddie</x>
<x>Ricky</x>
<x>Troy</x>
<x>Randall</x>
<x>Barry</x>
<x>Alexander</x>
<x>Bernard</x>
<x>Mario</x>
<x>Leroy</x>
<x>Francisco</x>
<x>Marcus</x>
<x>Micheal</x>
<x>Theodore</x>
<x>Clifford</x>
<x>Miguel</x>
<x>Oscar</x>
<x>Jay</x>
<x>Jim</x>
<x>Tom</x>
<x>Calvin</x>
<x>Alex</x>
<x>Jon</x>
<x>Ronnie</x>
<x>Bill</x>
<x>Lloyd</x>
<x>Tommy</x>
<x>Leon</x>
<x>Derek</x>
<x>Warren</x>
<x>Darrell</x>
<x>Jerome</x>
<x>Floyd</x>
<x>Leo</x>
<x>Alvin</x>
<x>Tim</x>
<x>Wesley</x>
<x>Gordon</x>
<x>Dean</x>
<x>Greg</x>
<x>Jorge</x>
<x>Dustin</x>
<x>Pedro</x>
<x>Derrick</x>
<x>Dan</x>
<x>Lewis</x>
<x>Zachary</x>
<x>Corey</x>
<x>Herman</x>
<x>Maurice</x>
<x>Vernon</x>
<x>Roberto</x>
<x>Clyde</x>
<x>Glen</x>
<x>Hector</x>
<x>Shane</x>
<x>Ricardo</x>
<x>Sam</x>
<x>Rick</x>
<x>Lester</x>
<x>Brent</x>
<x>Ramon</x>
<x>Charlie</x>
<x>Tyler</x>
<x>Gilbert</x>
<x>Gene</x>
<x>Marc</x>
<x>Reginald</x>
<x>Ruben</x>
<x>Brett</x>
<x>Angel</x>
<x>Nathaniel</x>
<x>Rafael</x>
<x>Leslie</x>
<x>Edgar</x>
<x>Milton</x>
<x>Raul</x>
<x>Ben</x>
<x>Chester</x>
<x>Cecil</x>
<x>Duane</x>
<x>Franklin</x>
<x>Andre</x>
<x>Elmer</x>
<x>Brad</x>
<x>Gabriel</x>
<x>Ron</x>
<x>Mitchell</x>
<x>Roland</x>
<x>Arnold</x>
<x>Harvey</x>
<x>Jared</x>
<x>Adrian</x>
<x>Karl</x>
<x>Cory</x>
<x>Claude</x>
<x>Erik</x>
<x>Darryl</x>
<x>Jamie</x>
<x>Neil</x>
<x>Jessie</x>
<x>Christian</x>
<x>Javier</x>
<x>Fernando</x>
<x>Clinton</x>
<x>Ted</x>
<x>Mathew</x>
<x>Tyrone</x>
<x>Darren</x>
<x>Lonnie</x>
<x>Lance</x>
<x>Cody</x>
<x>Julio</x>
<x>Kelly</x>
<x>Kurt</x>
<x>Allan</x>
<x>Nelson</x>
<x>Guy</x>
<x>Clayton</x>
<x>Hugh</x>
<x>Max</x>
<x>Dwayne</x>
<x>Dwight</x>
<x>Armando</x>
<x>Felix</x>
<x>Jimmie</x>
<x>Everett</x>
<x>Jordan</x>
<x>Ian</x>
<x>Wallace</x>
<x>Ken</x>
<x>Bob</x>
<x>Jaime</x>
<x>Casey</x>
<x>Alfredo</x>
<x>Alberto</x>
<x>Dave</x>
<x>Ivan</x>
<x>Johnnie</x>
<x>Sidney</x>
<x>Byron</x>
<x>Julian</x>
<x>Isaac</x>
<x>Morris</x>
<x>Clifton</x>
<x>Willard</x>
<x>Daryl</x>
<x>Ross</x>
<x>Virgil</x>
<x>Andy</x>
<x>Marshall</x>
<x>Salvador</x>
<x>Perry</x>
<x>Kirk</x>
<x>Sergio</x>
<x>Marion</x>
<x>Tracy</x>
<x>Seth</x>
<x>Kent</x>
<x>Terrance</x>
<x>Rene</x>
<x>Eduardo</x>
<x>Terrence</x>
<x>Enrique</x>
<x>Freddie</x>
<x>Wade</x>


<!-- common female first names -->
<x>Mary</x>
<x>Patricia</x>
<x>Linda</x>
<x>Barbara</x>
<x>Elizabeth</x>
<x>Jennifer</x>
<x>Maria</x>
<x>Susan</x>
<x>Margaret</x>
<x>Dorothy</x>
<x>Lisa</x>
<x>Nancy</x>
<x>Karen</x>
<x>Betty</x>
<x>Helen</x>
<x>Sandra</x>
<x>Donna</x>
<x>Carol</x>
<x>Ruth</x>
<x>Sharon</x>
<x>Michelle</x>
<x>Laura</x>
<x>Sarah</x>
<x>Kimberly</x>
<x>Deborah</x>
<x>Jessica</x>
<x>Shirley</x>
<x>Cynthia</x>
<x>Angela</x>
<x>Melissa</x>
<x>Brenda</x>
<x>Amy</x>
<x>Anna</x>
<x>Rebecca</x>
<x>Virginia</x>
<x>Kathleen</x>
<x>Pamela</x>
<x>Martha</x>
<x>Debra</x>
<x>Amanda</x>
<x>Stephanie</x>
<x>Carolyn</x>
<x>Christine</x>
<x>Marie</x>
<x>Janet</x>
<x>Catherine</x>
<x>Frances</x>
<x>Ann</x>
<x>Joyce</x>
<x>Diane</x>
<x>Alice</x>
<x>Julie</x>
<x>Heather</x>
<x>Teresa</x>
<x>Doris</x>
<x>Gloria</x>
<x>Evelyn</x>
<x>Jean</x>
<x>Cheryl</x>
<x>Mildred</x>
<x>Katherine</x>
<x>Joan</x>
<x>Ashley</x>
<x>Judith</x>
<x>Rose</x>
<x>Janice</x>
<x>Kelly</x>
<x>Nicole</x>
<x>Judy</x>
<x>Christina</x>
<x>Kathy</x>
<x>Theresa</x>
<x>Beverly</x>
<x>Denise</x>
<x>Tammy</x>
<x>Irene</x>
<x>Jane</x>
<x>Lori</x>
<x>Rachel</x>
<x>Marilyn</x>
<x>Andrea</x>
<x>Kathryn</x>
<x>Louise</x>
<x>Sara</x>
<x>Anne</x>
<x>Jacqueline</x>
<x>Wanda</x>
<x>Bonnie</x>
<x>Julia</x>
<x>Ruby</x>
<x>Lois</x>
<x>Tina</x>
<x>Phyllis</x>
<x>Norma</x>
<x>Paula</x>
<x>Diana</x>
<x>Annie</x>
<x>Lillian</x>
<x>Emily</x>
<x>Robin</x>
<x>Peggy</x>
<x>Crystal</x>
<x>Gladys</x>
<x>Rita</x>
<x>Dawn</x>
<x>Connie</x>
<x>Florence</x>
<x>Tracy</x>
<x>Edna</x>
<x>Tiffany</x>
<x>Carmen</x>
<x>Rosa</x>
<x>Cindy</x>
<x>Grace</x>
<x>Wendy</x>
<x>Victoria</x>
<x>Edith</x>
<x>Kim</x>
<x>Sherry</x>
<x>Sylvia</x>
<x>Josephine</x>
<x>Thelma</x>
<x>Shannon</x>
<x>Sheila</x>
<x>Ethel</x>
<x>Ellen</x>
<x>Elaine</x>
<x>Marjorie</x>
<x>Carrie</x>
<x>Charlotte</x>
<x>Monica</x>
<x>Esther</x>
<x>Pauline</x>
<x>Emma</x>
<x>Juanita</x>
<x>Anita</x>
<x>Rhonda</x>
<x>Hazel</x>
<x>Amber</x>
<x>Eva</x>
<x>Debbie</x>
<x>April</x>
<x>Leslie</x>
<x>Clara</x>
<x>Lucille</x>
<x>Jamie</x>
<x>Joanne</x>
<x>Eleanor</x>
<x>Valerie</x>
<x>Danielle</x>
<x>Megan</x>
<x>Alicia</x>
<x>Suzanne</x>
<x>Michele</x>
<x>Gail</x>
<x>Bertha</x>
<x>Darlene</x>
<x>Veronica</x>
<x>Jill</x>
<x>Erin</x>
<x>Geraldine</x>
<x>Lauren</x>
<x>Cathy</x>
<x>Joann</x>
<x>Lorraine</x>
<x>Lynn</x>
<x>Sally</x>
<x>Regina</x>
<x>Erica</x>
<x>Beatrice</x>
<x>Dolores</x>
<x>Bernice</x>
<x>Audrey</x>
<x>Yvonne</x>
<x>Annette</x>
<x>June</x>
<x>Samantha</x>
<x>Marion</x>
<x>Dana</x>
<x>Stacy</x>
<x>Ana</x>
<x>Renee</x>
<x>Ida</x>
<x>Vivian</x>
<x>Roberta</x>
<x>Holly</x>
<x>Brittany</x>
<x>Melanie</x>
<x>Loretta</x>
<x>Yolanda</x>
<x>Jeanette</x>
<x>Laurie</x>
<x>Katie</x>
<x>Kristen</x>
<x>Vanessa</x>
<x>Alma</x>
<x>Sue</x>
<x>Elsie</x>
<x>Beth</x>
<x>Jeanne</x>
<x>Vicki</x>
<x>Carla</x>
<x>Tara</x>
<x>Rosemary</x>
<x>Eileen</x>
<x>Terri</x>
<x>Gertrude</x>
<x>Lucy</x>
<x>Tonya</x>
<x>Ella</x>
<x>Stacey</x>
<x>Wilma</x>
<x>Gina</x>
<x>Kristin</x>
<x>Jessie</x>
<x>Natalie</x>
<x>Agnes</x>
<x>Vera</x>
<x>Willie</x>
<x>Charlene</x>
<x>Bessie</x>
<x>Delores</x>
<x>Melinda</x>
<x>Pearl</x>
<x>Arlene</x>
<x>Maureen</x>
<x>Colleen</x>
<x>Allison</x>
<x>Tamara</x>
<x>Joy</x>
<x>Georgia</x>
<x>Constance</x>
<x>Lillie</x>
<x>Claudia</x>
<x>Jackie</x>
<x>Marcia</x>
<x>Tanya</x>
<x>Nellie</x>
<x>Minnie</x>
<x>Marlene</x>
<x>Heidi</x>
<x>Glenda</x>
<x>Lydia</x>
<x>Viola</x>
<x>Courtney</x>
<x>Marian</x>
<x>Stella</x>
<x>Caroline</x>
<x>Dora</x>
<x>Jo</x>
<x>Vickie</x>
<x>Mattie</x>
<x>Terry</x>
<x>Maxine</x>
<x>Irma</x>
<x>Mabel</x>
<x>Marsha</x>
<x>Myrtle</x>
<x>Lena</x>
<x>Christy</x>
<x>Deanna</x>
<x>Patsy</x>
<x>Hilda</x>
<x>Gwendolyn</x>
<x>Jennie</x>
<x>Nora</x>
<x>Margie</x>
<x>Nina</x>
<x>Cassandra</x>
<x>Leah</x>
<x>Penny</x>
<x>Kay</x>
<x>Priscilla</x>
<x>Naomi</x>
<x>Carole</x>
<x>Brandy</x>
<x>Olga</x>
<x>Billie</x>
<x>Dianne</x>
<x>Tracey</x>
<x>Leona</x>
<x>Jenny</x>
<x>Felicia</x>
<x>Sonia</x>
<x>Miriam</x>
<x>Velma</x>
<x>Becky</x>
<x>Bobbie</x>
<x>Violet</x>
<x>Kristina</x>
<x>Toni</x>
<x>Misty</x>
<x>Mae</x>
<x>Shelly</x>
<x>Daisy</x>
<x>Ramona</x>
<x>Sherri</x>
<x>Erika</x>
<x>Katrina</x>
<x>Claire</x>
  
  
</excluded>