<options xmlns="http://marklogic.com/appservices/search">
  <searchable-expression>fn:collection('source')</searchable-expression>
  <constraint name="id">
    <value>
      <element ns="http://marklogic.com/solutions/obi/object" name="sourceId" />
    </value>
  </constraint>
  <constraint name="title">
    <word>
      <element ns="http://purl.org/dc/terms/" name="title" />
    </word>
  </constraint>
  <constraint name="title-value">
    <value>
      <element ns="http://purl.org/dc/terms/" name="title" />
    </value>
  </constraint>
  <constraint name="dataset">
    <range type="xs:string" collation="http://marklogic.com/collation/" facet="true">
      <element ns="http://marklogic.com/solutions/obi/source" name="dataset" />
    </range>
  </constraint>
</options>