<metadata>
  <title>Object Definitions</title>
  <description>
    <div>
      The Object Definitions service provides operations for working with an OBP ontology. An ontology consists of one
      or many object definitions.
      <ul>
        <li>GET - retrieve an object definition</li>
        <li>POST - update OBP functionality based on the installed set of object definitions under /ext/obi/object-def.
          Currently, this updates the search options for each object definition.
        </li>
      </ul>
    </div>
  </description>
  <method name="GET">
    <param name="type" />
    <param name="transform" value="xs:string?" />
  </method>
  <method name="POST" />
</metadata>