<package-database xmlns="http://marklogic.com/manage/package/databases">
  <config>
    <package-database-properties>
      <range-element-indexes>
        <range-element-index>
          <scalar-type>string</scalar-type>
          <namespace-uri>http://marklogic.com/psse/advanced-geo</namespace-uri>
          <localname>region</localname>
          <collation>http://marklogic.com/collation/codepoint</collation>
          <range-value-positions>false</range-value-positions>
          <invalid-values>reject</invalid-values>
        </range-element-index>
      </range-element-indexes>
      <geospatial-element-attribute-pair-indexes>
        <geospatial-element-attribute-pair-index>
          <parent-namespace-uri>http://marklogic.com/psse/advanced-geo</parent-namespace-uri>
          <parent-localname>bbpt</parent-localname>
          <latitude-namespace-uri />
          <latitude-localname>lat</latitude-localname>
          <longitude-namespace-uri />
          <longitude-localname>lon</longitude-localname>
          <coordinate-system>wgs84</coordinate-system>
          <range-value-positions>false</range-value-positions>
          <invalid-values>reject</invalid-values>
        </geospatial-element-attribute-pair-index>
      </geospatial-element-attribute-pair-indexes>
    </package-database-properties>
  </config>
</package-database>
