<metadata>
  <title>Merge</title>
  <description>
{
	"POST" : {
		"description": "Merge service handles merging two objects together, including all of their version history and links.",
		"resource-url": "/v1/resource/merge",
		"parameters": [{
			"name": "primaryId",
			"description": "the id of the object to merge into",
			"required": "true"
		}, 
		{
			"name": "secondaryId", 
			"description": "the id of the object to merge",
			"required": "true"
		},
		{
			"name": "payload", 
			"description": "the body of the HTTP can be a JSON object that define the single value properties that should 'win' when conflicting single value properties are merged together. This JSON matches the structure of the JSON used for creating and modifying objects."
		}],
		"example-request": "/v1/resources/merge?rs:primaryId=[object-id]&amp;rs:secondaryId=[object-id]",
		"example-result": ""
	}
}
  </description>
  <method name="POST">
    <param name="primaryId" />
    <param name="secondaryId" />
  </method>
</metadata>