<package-database xmlns:cts="http://marklogic.com/cts" xmlns="http://marklogic.com/manage/package/databases">
  <metadata xmlns:db="http://marklogic.com/manage/package/databases">
    <package-version>2.0</package-version>
    <user>admin</user>
    <group>Default</group>
    <host>hp840-2376.marklogic.com</host>
    <timestamp>2014-11-09T09:15:09.613-05:00</timestamp>
    <platform>winnt</platform>
  </metadata>
  <config>
    <name>sweet-triggers</name>
    <package-database-properties>
      <enabled>true</enabled>
      <retired-forest-count>0</retired-forest-count>
      <language>en</language>
      <stemmed-searches>basic</stemmed-searches>
      <word-searches>false</word-searches>
      <word-positions>false</word-positions>
      <fast-phrase-searches>true</fast-phrase-searches>
      <fast-reverse-searches>false</fast-reverse-searches>
      <triple-index>false</triple-index>
      <triple-positions>false</triple-positions>
      <fast-case-sensitive-searches>true</fast-case-sensitive-searches>
      <fast-diacritic-sensitive-searches>true</fast-diacritic-sensitive-searches>
      <fast-element-word-searches>true</fast-element-word-searches>
      <element-word-positions>false</element-word-positions>
      <fast-element-phrase-searches>true</fast-element-phrase-searches>
      <element-value-positions>false</element-value-positions>
      <attribute-value-positions>false</attribute-value-positions>
      <field-value-searches>false</field-value-searches>
      <field-value-positions>false</field-value-positions>
      <three-character-searches>false</three-character-searches>
      <three-character-word-positions>false</three-character-word-positions>
      <fast-element-character-searches>false</fast-element-character-searches>
      <trailing-wildcard-searches>false</trailing-wildcard-searches>
      <trailing-wildcard-word-positions>false</trailing-wildcard-word-positions>
      <fast-element-trailing-wildcard-searches>false</fast-element-trailing-wildcard-searches>
      <word-lexicons />
      <two-character-searches>false</two-character-searches>
      <one-character-searches>false</one-character-searches>
      <uri-lexicon>true</uri-lexicon>
      <collection-lexicon>false</collection-lexicon>
      <reindexer-enable>true</reindexer-enable>
      <reindexer-throttle>5</reindexer-throttle>
      <reindexer-timestamp>0</reindexer-timestamp>
      <directory-creation>manual</directory-creation>
      <maintain-last-modified>false</maintain-last-modified>
      <maintain-directory-last-modified>false</maintain-directory-last-modified>
      <inherit-permissions>false</inherit-permissions>
      <inherit-collections>false</inherit-collections>
      <inherit-quality>false</inherit-quality>
      <in-memory-limit>262144</in-memory-limit>
      <in-memory-list-size>512</in-memory-list-size>
      <in-memory-tree-size>128</in-memory-tree-size>
      <in-memory-range-index-size>16</in-memory-range-index-size>
      <in-memory-reverse-index-size>16</in-memory-reverse-index-size>
      <in-memory-triple-index-size>64</in-memory-triple-index-size>
      <large-size-threshold>1024</large-size-threshold>
      <locking>fast</locking>
      <journaling>fast</journaling>
      <journal-size>1365</journal-size>
      <journal-count>2</journal-count>
      <preallocate-journals>false</preallocate-journals>
      <preload-mapped-data>false</preload-mapped-data>
      <preload-replica-mapped-data>false</preload-replica-mapped-data>
      <range-index-optimize>facet-time</range-index-optimize>
      <positions-list-max-size>256</positions-list-max-size>
      <format-compatibility>automatic</format-compatibility>
      <index-detection>automatic</index-detection>
      <expunge-locks>none</expunge-locks>
      <tf-normalization>scaled-log</tf-normalization>
      <merge-priority>lower</merge-priority>
      <merge-max-size>32768</merge-max-size>
      <merge-min-size>1024</merge-min-size>
      <merge-min-ratio>2</merge-min-ratio>
      <merge-timestamp>0</merge-timestamp>
      <merge-blackouts />
      <database-backups />
      <fragment-roots />
      <fragment-parents />
      <element-word-query-throughs/>
      <phrase-throughs/>
      <phrase-arounds/>
      <range-element-indexes/>
      <range-element-attribute-indexes />
      <element-word-lexicons />
      <element-attribute-word-lexicons />
      <path-namespaces />
      <range-path-indexes />
      <fields>
        <field>
          <field-name />
          <include-root>true</include-root>
          <included-elements />
          <excluded-elements />
          <tokenizer-overrides />
        </field>
      </fields>
      <range-field-indexes />
      <geospatial-element-indexes />
      <geospatial-element-child-indexes />
      <geospatial-element-pair-indexes />
      <geospatial-element-attribute-pair-indexes />
      <geospatial-path-indexes />
      <database-replication />
      <rebalancer-enable>true</rebalancer-enable>
      <rebalancer-throttle>5</rebalancer-throttle>
      <assignment-policy>
        <assignment-policy-name>bucket</assignment-policy-name>
      </assignment-policy>
    </package-database-properties>
    <links>
      <forests-list>
        <forest-name>obi-triggers-1</forest-name>
      </forests-list>
      <security-database>Security</security-database>
      <schema-database>Schemas</schema-database>
    </links>
  </config>
</package-database>
