<package-database xmlns="http://marklogic.com/manage/package/databases">
  <config>
    <package-database-properties>
      <range-element-indexes>
        <range-element-index>
          <scalar-type>date</scalar-type>
          <namespace-uri>http://cite.opengeospatial.org/gmlsf</namespace-uri>
          <localname>dateProperty</localname>
          <collation />
          <range-value-positions>false</range-value-positions>
          <invalid-values>reject</invalid-values>
        </range-element-index>

        <range-element-index>
          <scalar-type>dateTime</scalar-type>
          <namespace-uri>http://cite.opengeospatial.org/gmlsf</namespace-uri>
          <localname>dateTimeProperty</localname>
          <collation />
          <range-value-positions>false</range-value-positions>
          <invalid-values>reject</invalid-values>
        </range-element-index>

        <range-element-index>
          <scalar-type>decimal</scalar-type>
          <namespace-uri>http://cite.opengeospatial.org/gmlsf</namespace-uri>
          <localname>decimalProperty</localname>
          <collation />
          <range-value-positions>false</range-value-positions>
          <invalid-values>reject</invalid-values>
        </range-element-index>

        <range-element-index>
          <scalar-type>double</scalar-type>
          <namespace-uri>http://cite.opengeospatial.org/gmlsf</namespace-uri>
          <localname>doubleProperty</localname>
          <collation />
          <range-value-positions>false</range-value-positions>
          <invalid-values>reject</invalid-values>
        </range-element-index>

        <range-element-index>
          <scalar-type>int</scalar-type>
          <namespace-uri>http://cite.opengeospatial.org/gmlsf</namespace-uri>
          <localname>intProperty</localname>
          <collation />
          <range-value-positions>false</range-value-positions>
          <invalid-values>reject</invalid-values>
        </range-element-index>
      </range-element-indexes>
    </package-database-properties>
  </config>
</package-database>

