<metadata>
  <title>Object Definitions</title>
  <description>
    <div>
      The Object Definitions service provides operations for working with an OBI ontology. An ontology consists of one
      or many object definitions.
      <ul>
        <li>GET - return an array of all object types and their labels as defined in the OBI ontology. The array
          contains objects, each having a "type" field and a "label" field. Can specify a registered transform via the
          "transform" param. If you use such a transform, it is not passed anything to transform, as the only input is
          the sequence of object types which the transform can easily get itself.
        </li>
        <li>POST - update OBI functionality based on the installed set of object definitions under /ext/obi/object-def.
          Currently, this updates the search options for each object definition.
        </li>
      </ul>
    </div>
  </description>
  <method name="GET">
    <param name="transform"/>
  </method>
  <method name="POST" />
</metadata>