<package-database xmlns:cts="http://marklogic.com/cts" xmlns="http://marklogic.com/manage/package/databases">
  <config>
    <package-database-properties>
      <triple-index>true</triple-index>
      <collection-lexicon>true</collection-lexicon>
      <range-element-indexes>
        <range-element-index>
          <scalar-type>string</scalar-type>
          <namespace-uri>http://marklogic.com/solutions/obi/source</namespace-uri>
          <localname>dataset</localname>
          <collation>http://marklogic.com/collation/codepoint</collation>
          <range-value-positions>false</range-value-positions>
          <invalid-values>reject</invalid-values>
        </range-element-index>
        <range-element-index>
          <scalar-type>dateTime</scalar-type>
          <namespace-uri>http://marklogic.com/solutions/obi/source</namespace-uri>
          <localname>contentDateTime</localname>
          <collation />
          <range-value-positions>false</range-value-positions>
          <invalid-values>reject</invalid-values>
        </range-element-index>
        <range-element-index>
          <scalar-type>string</scalar-type>
          <namespace-uri>http://purl.org/dc/terms/</namespace-uri>
          <localname>title</localname>
          <collation>http://marklogic.com/collation/codepoint</collation>
          <range-value-positions>false</range-value-positions>
          <invalid-values>reject</invalid-values>
        </range-element-index>
        <range-element-index>
          <scalar-type>string</scalar-type>
          <namespace-uri>http://marklogic.com/solutions/obi/object</namespace-uri>
          <localname>label</localname>
          <collation>http://marklogic.com/collation/codepoint</collation>
          <range-value-positions>false</range-value-positions>
          <invalid-values>reject</invalid-values>
        </range-element-index>
        <range-element-index>
          <scalar-type>string</scalar-type>
          <namespace-uri>http://marklogic.com/solutions/obi/object</namespace-uri>
          <localname>type</localname>
          <collation>http://marklogic.com/collation/codepoint</collation>
          <range-value-positions>false</range-value-positions>
          <invalid-values>reject</invalid-values>
        </range-element-index>
        <range-element-index>
          <scalar-type>string</scalar-type>
          <namespace-uri>http://marklogic.com/solutions/obi/ontology</namespace-uri>
          <localname>objectDefDirectory</localname>
          <collation>http://marklogic.com/collation/codepoint</collation>
          <range-value-positions>false</range-value-positions>
          <invalid-values>reject</invalid-values>
        </range-element-index>
      </range-element-indexes>
      <range-element-attribute-indexes>
        <range-element-attribute-index>
          <scalar-type>dateTime</scalar-type>
          <parent-namespace-uri>http://marklogic.com/solutions/obi</parent-namespace-uri>
          <parent-localname>metadata</parent-localname>
          <namespace-uri />
          <localname>createdDateTime</localname>
          <collation />
          <range-value-positions>false</range-value-positions>
          <invalid-values>reject</invalid-values>
        </range-element-attribute-index>
        <range-element-attribute-index>
          <scalar-type>dateTime</scalar-type>
          <parent-namespace-uri>http://marklogic.com/solutions/obi</parent-namespace-uri>
          <parent-localname>metadata</parent-localname>
          <namespace-uri />
          <localname>lastUpdatedDateTime</localname>
          <collation />
          <range-value-positions>false</range-value-positions>
          <invalid-values>reject</invalid-values>
        </range-element-attribute-index>
        <range-element-attribute-index>
          <scalar-type>int</scalar-type>
          <parent-namespace-uri>http://marklogic.com/solutions/obi/object</parent-namespace-uri>
          <parent-localname>sourceIds</parent-localname>
          <namespace-uri />
          <localname>count</localname>
          <collation />
          <range-value-positions>false</range-value-positions>
          <invalid-values>reject</invalid-values>
        </range-element-attribute-index>
      </range-element-attribute-indexes>
    </package-database-properties>
  </config>

</package-database>

