<metadata>
  <title>Links</title>
  <description>
    <div>
      The Links service handles linking two objects together and finding links for a given object.
      <ul>
        <li>GET - returns JSON for the IDs and titles of all objects linked to the given object ID</li>
        <li>POST - create a new link</li>
      </ul>
    </div>
  </description>
  <method name="GET">
    <param name="objectId" />
  </method>
  <method name="POST">
    <param name="fromObjectId" />
    <param name="toObjectId" />
    <param name="type" />
  </method>
</metadata>