<metadata>
  <title>Links</title>
  <description>
    <div>
      <p>
        The Links service handles linking two objects together and finding links for a given object.
      </p>
      <ul>
        <li>
          GET - returns JSON for the IDs and titles of all objects linked to the given object ID. TODO - include sample
          of what this JSON looks like.
          <ul>
            <li>objectId - the ID of the object to find links for</li>
          </ul>
        </li>
        <li>
          POST - create a new link. Returns the ID of the new link object.
          <ul>
            <li>sourceId - the ID of the source that attributes the link</li>
            <li>fromObjectId - the ID of the object to create the link from</li>
            <li>toObjectId - the ID of the object to create the link to</li>
            <li>type - the textual description of the link; can be any value</li>
            <li>reverseType - (optional) the textual description of the link from the perspective of the "to" object; if
              not provided, defaults to "type"
            </li>
          </ul>
        </li>
      </ul>
    </div>
  </description>
  <method name="GET">
    <param name="objectId" />
  </method>
  <method name="POST">
    <param name="sourceId" />
    <param name="fromObjectId" />
    <param name="toObjectId" />
    <param name="type" />
    <param name="reverseType" />
  </method>
</metadata>