<metadata>
  <title>Sources</title>
  <description>
    <div>
      <ul>
        <li>
          POST - create a new source. The body of the request is treated as the content of the source, which can be any
          format of data (be sure to set the Content-type header appropriately; see the REST API docs on resource
          extensions for further information).
          <ul>
            <li>title - required; this is commonly used as a user-friendly way to refer to a source</li>
            <li>dataset - most sources belong to some kind of a dataset, which could be a stream of data, a large zip
              file, etc.
            </li>
            <li>contentDateTime - the content of a source often has a dateTime associated with it. This is useful to
              capture and then search/sort on it.</li>
          </ul>
        </li>
      </ul>
    </div>
  </description>
  <method name="POST">
    <param name="title" />
    <param name="dataset" />
    <param name="contentDateTime" />
  </method>
</metadata>