<options xmlns="http://marklogic.com/appservices/search">
  <additional-query>
    <cts:collection-query xmlns:cts="http://marklogic.com/cts">
      <cts:uri>object</cts:uri>
    </cts:collection-query>
  </additional-query>
  <constraint name="id">
    <value>
      <element ns="http://marklogic.com/solutions/obi/object" name="id" />
    </value>
  </constraint>
  <constraint name="type">
    <custom facet="true">
      <parse apply="parse-structured" ns="http://marklogic.com/solutions/obi/search" at="/ext/obi/lib/search/object-type-constraint.xqy" />
      <finish-facet apply="finish-facet" ns="http://marklogic.com/solutions/obi/search" at="/ext/obi/lib/search/object-type-constraint.xqy" />
    </custom>
  </constraint>
  <constraint name="object-region">
    <geo-elem>
      <element ns="http://marklogic.com/solutions/obi/object" name="objectRegion" />
    </geo-elem>
  </constraint>
  <constraint name="sourced-by">
    <custom facet="false">
      <parse apply="parse-structured" ns="http://marklogic.com/solutions/obi/search" at="/ext/obi/lib/search/sourced-by-constraint.xqy" />
    </custom>
  </constraint>
  <constraint name="source-dataset">
    <custom facet="true">
      <parse apply="parse-structured" ns="http://marklogic.com/solutions/obi/search" at="/ext/obi/lib/search/source-dataset-constraint.xqy" />
      <finish-facet apply="finish-facet" ns="http://marklogic.com/solutions/obi/search" at="/ext/obi/lib/search/source-dataset-constraint.xqy" />
    </custom>
  </constraint>
  <values name="link-values">
    <range type="xs:string">
      <path-index xmlns:obj="http://marklogic.com/solutions/obi/object" xmlns:sem="http://marklogic.com/semantics">/obj:object/obj:links/sem:triple/sem:predicate
      </path-index>
    </range>
  </values>
  <values name="source-id">
    <range type="xs:string">
      <element ns="http://marklogic.com/solutions/obi/source" name="id" />
    </range>
  </values>
</options>