<!-- Copyright 2011-2015 MarkLogic Corporation. All Rights Reserved. -->
<rewriter xmlns="http://marklogic.com/xdmp/rewriter">

  <!-- ArcGIS REST API endpoints -->
  <match-path matches="^/info$">
    <dispatch>/ext/obi-arcgis/endpoint/info.xqy</dispatch>
  </match-path>
  <match-path matches="^/rest/info$">
    <dispatch>/ext/obi-arcgis/endpoint/info.xqy</dispatch>
  </match-path>
  <match-path matches="^/rest/services$">
    <dispatch>/ext/obi-arcgis/endpoint/catalog-root.xqy</dispatch>
  </match-path>
  <match-path matches="^/rest/services/info$">
    <dispatch>/ext/obi-arcgis/endpoint/info.xqy</dispatch>
  </match-path>
  <match-path matches="^/rest/services/obi-arcgis$">
    <dispatch>/ext/obi-arcgis/endpoint/catalog-folder.xqy</dispatch>
  </match-path>
  <match-path matches="^/rest/services/obi-arcgis/info$">
    <dispatch>/ext/obi-arcgis/endpoint/info.xqy</dispatch>
  </match-path>
  <match-path matches="^/rest/services/obi-arcgis/FeatureServer$">
    <dispatch>/ext/obi-arcgis/endpoint/get-feature-service-info.xqy</dispatch>
  </match-path>
  <match-path matches="^/rest/services/obi-arcgis/FeatureServer/(\d+)$">
    <add-query-param name="layerId">$1</add-query-param>
    <dispatch>/ext/obi-arcgis/endpoint/get-layer.xqy</dispatch>
  </match-path>
  <match-path matches="^/rest/services/obi-arcgis/FeatureServer/(\d+)/query$">
    <add-query-param name="layerId">$1</add-query-param>
    <match-method any-of="GET POST">
      <dispatch>/ext/obi-arcgis/endpoint/query-features-by-layer.xqy</dispatch>
    </match-method>
  </match-path>
  <match-path matches="^/rest/services/obi-arcgis/FeatureServer/(\d+)/applyEdits$">
    <add-query-param name="layerId">$1</add-query-param>
    <match-method any-of="POST">
      <dispatch>/ext/obi-arcgis/endpoint/apply-edits-to-layer.xqy</dispatch>
    </match-method>
  </match-path>
  <match-path matches="^/rest/services/obi-arcgis/FeatureServer/(\d+)/(\d+)$">
    <add-query-param name="layerId">$1</add-query-param>
    <add-query-param name="featureId">$2</add-query-param>
    <dispatch>/ext/obi-arcgis/endpoint/get-feature.xqy</dispatch>
  </match-path>
  <match-path matches="^/rest/services/obi-arcgis/FeatureServer/(\d+)/(\d+)/htmlPopup$">
    <add-query-param name="layerId">$1</add-query-param>
    <add-query-param name="featureId">$2</add-query-param>
    <dispatch>/ext/obi-arcgis/endpoint/get-html-popup.xqy</dispatch>
  </match-path>
  <match-path matches="^/rest/services/obi-arcgis/GPServer$">
    <dispatch>/ext/obi-arcgis/endpoint/gp-service-info.xqy</dispatch>
  </match-path>
  <match-path matches="^/rest/services/obi-arcgis/GPServer/(.+)/execute$">
    <add-query-param name="taskName">$1</add-query-param>
    <dispatch>/ext/obi-arcgis/endpoint/gp-task-execute.xqy</dispatch>
  </match-path>
  <match-path matches="^/rest/services/obi-arcgis/GPServer/(.+)$">
    <add-query-param name="taskName">$1</add-query-param>
    <dispatch>/ext/obi-arcgis/endpoint/gp-task.xqy</dispatch>
  </match-path>
  <match-path matches="^/rest/services/obi-ui/register$">
      <match-method any-of="POST">
          <dispatch>/ext/obi-ui/endpoint/register.xqy</dispatch>
      </match-method>
  </match-path>
  <!-- REST Client API endpoints -->

  <match-path matches="^/?$|^/content/([^/]+)/?$">
    <dispatch>/MarkLogic/rest-api/default.xqy</dispatch>
  </match-path>

  <match-path matches="^/(v1|LATEST)">

    <match-path matches="^/(v1|LATEST)/alert/rules/?$">
      <match-query-param name="database">
        <set-database checked="true">$0</set-database>
      </match-query-param>
      <dispatch>/MarkLogic/rest-api/endpoints/rules-list.xqy</dispatch>
    </match-path>

    <match-path matches="^/(v1|LATEST)/alert/rules/([^/]+)$">
      <add-query-param name="rule-name">$2</add-query-param>
      <match-query-param name="database">
        <set-database checked="true">$0</set-database>
      </match-query-param>
      <dispatch>/MarkLogic/rest-api/endpoints/rules-item.xqy</dispatch>
    </match-path>

    <match-path matches="^/(v1|LATEST)/alert/match/?$">
      <match-query-param name="database">
        <set-database checked="true">$0</set-database>
      </match-query-param>
      <dispatch>/MarkLogic/rest-api/endpoints/rules-match.xqy</dispatch>
    </match-path>

    <match-path matches="^/(v1|LATEST)/config/indexes/?$">
      <dispatch>/MarkLogic/rest-api/endpoints/config-indexes.xqy</dispatch>
    </match-path>

    <match-path matches="^/(v1|LATEST)/config/indexes/([^/]+)/?$">
      <add-query-param name="named-option">$2</add-query-param>
      <dispatch>/MarkLogic/rest-api/endpoints/config-indexes.xqy</dispatch>
    </match-path>

    <match-path matches="^/(v1|LATEST)/config/namespaces/?$">
      <dispatch>/MarkLogic/rest-api/endpoints/config-namespace-list.xqy</dispatch>
    </match-path>

    <match-path matches="^/(v1|LATEST)/config/namespaces/([^/]+)/?$">
      <add-query-param name="prefix">$2</add-query-param>
      <dispatch>/MarkLogic/rest-api/endpoints/config-namespace-item.xqy</dispatch>
    </match-path>

    <match-path matches="^/(v1|LATEST)/config/properties/?$">
      <dispatch>/MarkLogic/rest-api/endpoints/config-properties.xqy</dispatch>
    </match-path>

    <match-path matches="^/(v1|LATEST)/config/properties/([^/]+)/?$">
      <add-query-param name="property">$2</add-query-param>
      <dispatch>/MarkLogic/rest-api/endpoints/config-properties.xqy</dispatch>
    </match-path>

    <match-path matches="^/(v1|LATEST)/config/query/?$">
      <dispatch>/MarkLogic/rest-api/endpoints/config-query-list.xqy</dispatch>
    </match-path>

    <match-path matches="^/(v1|LATEST)/config/query/([^/]+)/?$">
      <add-query-param name="named-option">$2</add-query-param>
      <dispatch>/MarkLogic/rest-api/endpoints/config-query.xqy</dispatch>
    </match-path>

    <match-path matches="^/(v1|LATEST)/config/query/([^/]+)/([^/]+)/?$">
      <add-query-param name="named-option">$2</add-query-param>
      <add-query-param name="child-name">$3</add-query-param>
      <dispatch>/MarkLogic/rest-api/endpoints/config-query-child.xqy</dispatch>
    </match-path>

    <match-path matches="^/(v1|LATEST)/config/resources/?$">
      <dispatch>/MarkLogic/rest-api/endpoints/resource-list-query.xqy</dispatch>
    </match-path>

    <match-path matches="^/(v1|LATEST)/config/resources/([^/]+)/?$">
      <add-query-param name="name">$2</add-query-param>
      <match-method any-of="GET HEAD">
        <match-query-param name="txid">
          <set-transaction>$0</set-transaction>
          <set-transaction-mode>query</set-transaction-mode>
        </match-query-param>
        <dispatch>/MarkLogic/rest-api/endpoints/resource-item-query.xqy</dispatch>
      </match-method>
      <match-method any-of="PUT DELETE">
        <match-query-param name="txid">
          <set-transaction>$0</set-transaction>
          <set-transaction-mode>update</set-transaction-mode>
        </match-query-param>
        <dispatch>/MarkLogic/rest-api/endpoints/resource-item-update.xqy</dispatch>
      </match-method>
    </match-path>

    <match-path matches="^/(v1|LATEST)/config/transforms/?$">
      <dispatch>/MarkLogic/rest-api/endpoints/transform-list-default.xqy</dispatch>
    </match-path>

    <match-path matches="^/(v1|LATEST)/config/transforms/([^/]+)$">
      <add-query-param name="name">$2</add-query-param>
      <dispatch>/MarkLogic/rest-api/endpoints/transform-item-default.xqy</dispatch>
    </match-path>

    <match-path matches="^/(v1|LATEST)/documents/?$">
      <match-query-param name="database">
        <set-database checked="true">$0</set-database>
      </match-query-param>
      <match-method any-of="POST">
        <match-query-param name="txid">
          <set-transaction>$0</set-transaction>
          <set-transaction-mode>update</set-transaction-mode>
        </match-query-param>
        <match-content-type any-of="application/x-www-form-urlencoded">
          <dispatch>/MarkLogic/rest-api/endpoints/document-item-query.xqy</dispatch>
        </match-content-type>
      </match-method>
      <match-method any-of="GET HEAD OPTIONS">
        <match-query-param name="txid">
          <set-transaction>$0</set-transaction>
          <set-transaction-mode>query</set-transaction-mode>
        </match-query-param>
        <dispatch>/MarkLogic/rest-api/endpoints/document-item-query.xqy</dispatch>
      </match-method>
      <match-method any-of="PUT POST DELETE PATCH">
        <match-query-param name="txid">
          <set-transaction>$0</set-transaction>
          <set-transaction-mode>update</set-transaction-mode>
        </match-query-param>
        <dispatch>/MarkLogic/rest-api/endpoints/document-item-update.xqy</dispatch>
      </match-method>
    </match-path>

    <match-path matches="^/(v1|LATEST)/ext/?">
      <match-path matches="^/(v1|LATEST)/ext/?(.+)$">
        <add-query-param name="path">$2</add-query-param>
      </match-path>
      <dispatch>/MarkLogic/rest-api/endpoints/extlib.xqy</dispatch>
    </match-path>

    <match-path matches="^/(v1|LATEST)/graphs/sparql/?$">
      <match-query-param name="database">
        <set-database checked="true">$0</set-database>
      </match-query-param>
      <dispatch>/MarkLogic/rest-api/endpoints/sparql-query.xqy</dispatch>
    </match-path>

    <match-path matches="^/(v1|LATEST)/graphs/things/?$">
      <match-query-param name="database">
        <set-database checked="true">$0</set-database>
      </match-query-param>
      <dispatch>/MarkLogic/rest-api/endpoints/graph-explore.xqy</dispatch>
    </match-path>

    <match-path matches="^/(v1|LATEST)/graphs/?$">
      <match-query-param name="database">
        <set-database checked="true">$0</set-database>
      </match-query-param>
      <dispatch>/MarkLogic/rest-api/endpoints/graphstore.xqy</dispatch>
    </match-path>

    <match-path matches="^/(v1|LATEST)/keyvalue(/)?$">
      <match-query-param name="txid">
        <set-transaction>$0</set-transaction>
        <set-transaction-mode>query</set-transaction-mode>
      </match-query-param>
      <match-query-param name="database">
        <set-database checked="true">$0</set-database>
      </match-query-param>
      <dispatch>/MarkLogic/rest-api/endpoints/keyvalue-list.xqy</dispatch>
    </match-path>

    <match-path matches="^/([^/]+/)?ping/?$">
      <dispatch>/MarkLogic/rest-api/endpoints/ping.xqy</dispatch>
    </match-path>

    <match-path matches="^/(v1|LATEST)/search(/)?$">
      <match-query-param name="database">
        <set-database checked="true">$0</set-database>
      </match-query-param>
      <match-method any-of="DELETE">
        <match-query-param name="txid">
          <set-transaction>$0</set-transaction>
          <set-transaction-mode>update</set-transaction-mode>
        </match-query-param>
        <dispatch>/MarkLogic/rest-api/endpoints/search-list-update.xqy</dispatch>
      </match-method>
      <match-query-param name="txid">
        <set-transaction>$0</set-transaction>
        <set-transaction-mode>query</set-transaction-mode>
      </match-query-param>
      <dispatch>/MarkLogic/rest-api/endpoints/search-list-query.xqy</dispatch>
    </match-path>

    <match-path matches="^/(v1|LATEST)/suggest/?$">
      <match-query-param name="database">
        <set-database checked="true">$0</set-database>
      </match-query-param>
      <dispatch>/MarkLogic/rest-api/endpoints/suggest.xqy</dispatch>
    </match-path>

    <match-path matches="^/(v1|LATEST)/qbe/?$">
      <match-query-param name="txid">
        <set-transaction>$0</set-transaction>
        <set-transaction-mode>query</set-transaction-mode>
      </match-query-param>
      <match-query-param name="database">
        <set-database checked="true">$0</set-database>
      </match-query-param>
      <dispatch>/MarkLogic/rest-api/endpoints/qbe-list.xqy</dispatch>
    </match-path>

    <match-path matches="^/(v1|LATEST)/resources/([^/]+)/?$">
      <match-query-param name="database">
        <set-database checked="true">$0</set-database>
      </match-query-param>
      <add-query-param name="name">$2</add-query-param>
      <match-method any-of="GET HEAD POST">
        <match-query-param name="txid">
          <set-transaction>$0</set-transaction>
          <set-transaction-mode>query</set-transaction-mode>
        </match-query-param>
        <dispatch>/MarkLogic/rest-api/endpoints/resource-service-query.xqy</dispatch>
      </match-method>
      <match-method any-of="PUT DELETE">
        <match-query-param name="txid">
          <set-transaction>$0</set-transaction>
          <set-transaction-mode>update</set-transaction-mode>
        </match-query-param>
        <dispatch>/MarkLogic/rest-api/endpoints/resource-service-update.xqy</dispatch>
      </match-method>
    </match-path>

    <match-path matches="^/(v1|LATEST)/transactions/?$">
      <match-query-param name="database">
        <set-database checked="true">$0</set-database>
      </match-query-param>
      <dispatch>/MarkLogic/rest-api/endpoints/transaction-item-default.xqy</dispatch>
    </match-path>

    <match-path matches="^^/(v1|LATEST)/transactions/(.+)$">
      <add-query-param name="txid">$2</add-query-param>
      <match-query-param name="database">
        <set-database checked="true">$0</set-database>
      </match-query-param>
      <dispatch>/MarkLogic/rest-api/endpoints/transaction-item-default.xqy</dispatch>
    </match-path>

    <match-path matches="^/(v1|LATEST)/values/?$">
      <match-query-param name="txid">
        <set-transaction>$0</set-transaction>
        <set-transaction-mode>query</set-transaction-mode>
      </match-query-param>
      <match-query-param name="database">
        <set-database checked="true">$0</set-database>
      </match-query-param>
      <dispatch>/MarkLogic/rest-api/endpoints/values.xqy</dispatch>
    </match-path>

    <match-path matches="^/(v1|LATEST)/values/([^/]+)/?$">
      <add-query-param name="name">$2</add-query-param>
      <match-query-param name="txid">
        <set-transaction>$0</set-transaction>
        <set-transaction-mode>query</set-transaction-mode>
      </match-query-param>
      <match-query-param name="database">
        <set-database checked="true">$0</set-database>
      </match-query-param>
      <dispatch>/MarkLogic/rest-api/endpoints/values.xqy</dispatch>
    </match-path>

  </match-path>
</rewriter>
