<package-database xmlns:cts="http://marklogic.com/cts" xmlns="http://marklogic.com/manage/package/databases">
  <config>
    <package-database-properties>
      <triple-index>true</triple-index>
      <collection-lexicon>true</collection-lexicon>
      <range-element-indexes>
        <range-element-index>
          <scalar-type>string</scalar-type>
          <namespace-uri>http://marklogic.com/solutions/obi/source</namespace-uri>
          <localname>dataset</localname>
          <collation>http://marklogic.com/collation/</collation>
          <range-value-positions>false</range-value-positions>
          <invalid-values>reject</invalid-values>
        </range-element-index>
        <range-element-index>
          <scalar-type>dateTime</scalar-type>
          <namespace-uri>http://marklogic.com/solutions/obi/source</namespace-uri>
          <localname>contentDateTime</localname>
          <collation />
          <range-value-positions>false</range-value-positions>
          <invalid-values>reject</invalid-values>
        </range-element-index>
        <range-element-index>
          <scalar-type>string</scalar-type>
          <namespace-uri>http://purl.org/dc/terms/</namespace-uri>
          <localname>title</localname>
          <collation>http://marklogic.com/collation/</collation>
          <range-value-positions>false</range-value-positions>
          <invalid-values>reject</invalid-values>
        </range-element-index>
        <range-element-index>
          <scalar-type>dateTime</scalar-type>
          <collation />
          <namespace-uri>http://marklogic.com/solutions/obi/object</namespace-uri>
          <localname>dateTime</localname>
          <range-value-positions>false</range-value-positions>
          <invalid-values>reject</invalid-values>
        </range-element-index>
      </range-element-indexes>
      <range-element-attribute-indexes>
        <range-element-attribute-index>
          <scalar-type>dateTime</scalar-type>
          <parent-namespace-uri>http://marklogic.com/solutions/obi</parent-namespace-uri>
          <parent-localname>metadata</parent-localname>
          <namespace-uri />
          <localname>createdDateTime</localname>
          <collation />
          <range-value-positions>false</range-value-positions>
          <invalid-values>reject</invalid-values>
        </range-element-attribute-index>
        <range-element-attribute-index>
          <scalar-type>dateTime</scalar-type>
          <parent-namespace-uri>http://marklogic.com/solutions/obi</parent-namespace-uri>
          <parent-localname>metadata</parent-localname>
          <namespace-uri />
          <localname>lastUpdatedDateTime</localname>
          <collation />
          <range-value-positions>false</range-value-positions>
          <invalid-values>reject</invalid-values>
        </range-element-attribute-index>
      </range-element-attribute-indexes>
      <path-namespaces>
        <path-namespace>
          <prefix>sem</prefix>
          <namespace-uri>http://marklogic.com/semantics</namespace-uri>
        </path-namespace>
        <path-namespace>
          <prefix>obj</prefix>
          <namespace-uri>http://marklogic.com/solutions/obi/object</namespace-uri>
        </path-namespace>
      </path-namespaces>
      <range-path-indexes>
        <range-path-index>
          <scalar-type>string</scalar-type>
          <path-expression>/obj:object/obj:links/sem:triple/sem:predicate</path-expression>
          <collation>http://marklogic.com/collation/</collation>
          <range-value-positions>false</range-value-positions>
          <invalid-values>reject</invalid-values>
        </range-path-index>
      </range-path-indexes>
      <geospatial-element-indexes>
        <geospatial-element-index>
          <namespace-uri>http://marklogic.com/solutions/obi/object</namespace-uri>
          <localname>objectRegion</localname>
          <coordinate-system>wgs84</coordinate-system>
          <point-format>point</point-format>
          <range-value-positions>false</range-value-positions>
          <invalid-values>reject</invalid-values>
        </geospatial-element-index>
      </geospatial-element-indexes>
    </package-database-properties>
  </config>

</package-database>

