<metadata>
  <title>Attachments</title>
  <description>
    <div>
      The Attachments service is used to add attachments to sources.
      <ul>
        <li>PUT - create a new attachment. The "title" param is required. The Content-type request header is used as the
          MIME type for the attachment.
        </li>
      </ul>
    </div>
  </description>
  <method name="PUT">
    <param name="title" />
    <param name="content-name" />
    <param name="extension" />
  </method>
</metadata>