<user-properties xmlns="http://marklogic.com/manage">
  <user-name>obi-tester</user-name>
  <password>password</password>
  <description>OBI user for running tests</description>
  <roles>
    <role>obi-test-role</role>
  </roles>
  <permissions>
    <permission>
      <role-name>rest-writer</role-name>
      <capability>update</capability>
    </permission>
    <permission>
      <role-name>rest-reader</role-name>
      <capability>read</capability>
    </permission>
  </permissions>
</user-properties>