<metadata>
  <title>REST API Extensions</title>
  <description>
    <div>
      <p>
        The REST API Extensions service provides a view of each of the REST extensions present in this REST
        server (odds are you're looking at it right now).
      </p>
      <ul>
        <li>
          GET - get a view of the REST API extensions.
          <ul>
            <li>transform - (optional) the name of a registered transform to build the view of the extensions</li>
          </ul>
        </li>
      </ul>
    </div>
  </description>
  <method name="GET">
    <param name="transform" />
  </method>
</metadata>