<metadata>
  <title>Objects</title>
  <description>
    <div>
      <p>
        The Objects service handles crud-like operations for objects and details.
      </p>
      <ul>
        <li>
          GET - retrieve a representation of an object
          <ul>
            <li>id - the ID of the object to return</li>
            <li>sourceIds - a comma-separated list of source IDs; specifying any value here will result in a
              representation of the object that only has property values based on the given source IDs
            </li>
            <li>format - "xml", "json", or "html"; defaults to "json".</li>
            <li>transform - if the format is "html" or "json", the name of the REST-API-registered transform to apply against the
              object XML content
            </li>
          </ul>
          <p>
            For an example of what this JSON looks like by default, please see
            <a href="https://marklogic.unfuddle.com/a#/projects/1184/notebooks/98/pages/814/latest">the Unfuddle page on OBI JSON</a>
            .
          </p>
        </li>
        <li>
          POST - create or modify an object.
          <ul>
            <li>sourceId - required; the id of the source attributing the new object or the object modification</li>
            <li>id - the id of the object to modify; only set this when modifying an object, not when creating one
            </li>
            <li>edit - only used when modifying an object; true for replacing all active details for the given sourceId,
              false otherwise
            </li>
          </ul>
        </li>
        <li>
          DELETE - delete an object or object details.
          <ul>
            <li>id - the id of the object to delete or to delete details of</li>
            <li>sourceId - if specified, deletes details corresponding to the given source ID</li>
          </ul>
        </li>
      </ul>
    </div>
  </description>
  <method name="GET">
    <param name="id" />
    <param name="format" />
    <param name="sourceIds" />
    <param name="transform" />
  </method>
  <method name="POST">
    <param name="sourceId" />
    <param name="id" />
    <param name="edit" />
  </method>
  <method name="DELETE">
    <param name="id" />
    <param name="sourceId" />
  </method>
</metadata>