<metadata>
  <title>Object Definitions</title>
  <description>
    <div>
      The Object Definitions service provides operations for working with an OBI ontology. An ontology consists of one
      or many object definitions.
      <ul>
        <li>GET - return an array of all object types and their labels as defined in the OBI ontology. The array
          contains objects, each having a "type" field and a "label" field.
        </li>
        <li>POST - update OBI functionality based on the installed set of object definitions under /ext/obi/object-def.
          Currently, this updates the search options for each object definition.
        </li>
      </ul>
    </div>
  </description>
  <method name="GET" />
  <method name="POST" />
</metadata>