{
  "range-element-index": [
    {
      "scalar-type": "string",
      "namespace-uri": "http://marklogic.com/psse/advanced-geo",
      "localname": "region",
      "collation": "http://marklogic.com/collation/codepoint",
      "range-value-positions": false,
      "invalid-values": "reject"
    }
  ],
  "range-element-attribute-index": [
    {
      "scalar-type": "string",
      "parent-namespace-uri": "http://marklogic.com/solutions/obi/arcgis-rest-api",
      "parent-localname": "FeatureId",
      "namespace-uri": "",
      "localname": "layerId",
      "collation": "http://marklogic.com/collation/codepoint",
      "range-value-positions": false,
      "invalid-values": "reject"
    }
  ],
  "geospatial-element-attribute-pair-index": [
    {
      "parent-namespace-uri": "http://marklogic.com/psse/advanced-geo",
      "parent-localname": "bbpt",
      "latitude-namespace-uri": "",
      "latitude-localname": "lat",
      "longitude-namespace-uri": "",
      "longitude-localname": "lon",
      "coordinate-system": "wgs84",
      "range-value-positions": false,
      "invalid-values": "reject"
    }
  ]
}