<metadata>
  <title>Sources</title>
  <description>
    <div>
      <ul>
        <li>
          POST - create a new source. The body of the request is treated as the content of the source, which can be any
          format of data (be sure to set the Content-type header appropriately; see the REST API docs on resource
          extensions for further information).
          <ul>
            <li>title - required; this is commonly used as a user-friendly way to refer to a source</li>
            <li>dataset - most sources belong to some kind of a dataset, which could be a stream of data, a large zip
              file, etc.
            </li>
            <li>contentDateTime - the content of a source often has a dateTime associated with it. This is useful to
              capture and then search/sort on it.
            </li>
            <li>filename - if the body is a binary document such as a PDF, image, or Office file, you must include this
              parameter, as this will be used to construct the URI of the persisted binary document.
            </li>
            <li>
              transform - the name of a registered transform to apply
              <b>after</b>
              the source has been created. This is typically used
              for sources that have structured information in them,
              and a transform can be used to create objects and links after
              the source
              has been created. The name
              "transform" isn't really ideal, as it can imply that the source itself is being
              transformed, but that
              is not
              the case here. "post-transform" may be a better name, as the name "transform" is at least good in that it
              refers to a
              registered transform.
            </li>
          </ul>
        </li>
      </ul>
    </div>
  </description>
  <method name="POST">
    <param name="title" />
    <param name="dataset" />
    <param name="contentDateTime" />
    <param name="filename" />
    <param name="transform" />
  </method>
</metadata>